{
  "id": "6f41ab25-214d-4c98-a06f-60b6ca31b466",
  "schemaVersion": 2,
  "name": "Media Rating",
  "description": "Ready for release - Media (video or audio) rating while it broadcast.",
  "baseQuestionType": "OpenForm",
  "disableDefaultRendering": true,
  "iconUrl": "design/icon.svg",
  "designEntryPoint": "design/index.html",
  "runtimeEntryPoint": {
    "component": "runtime/component.js",
    "deps": {
      "scripts": [],
      "styles": [
        "/runtime/video-js.min.css",
        "/runtime/styles.css",
        "/lib/slider/styles.css"
      ]
    }
  }
}
