{
  "id": "acda1ec7-b316-4fe8-b229-d50b17dd7ff3",
  "name": "Media Rating (OLD)",
  "description": "Media (video or audio) rating while it broadcast",
  "baseQuestionType": "OpenForm",
  "disableDefaultRendering": true,
  "iconUrl": "design/icon.svg",
  "designEntryPoint": "design/index.html",
  "runtimeEntryPoint": {
    "component": "runtime/component.js",
    "deps": {
      "scripts": [],
      "styles": [
        "/runtime/jquery-ui.min.css",
        "/runtime/video-js.min.css",
        "/runtime/styles.css"
      ]
    }
  },
  "isPublic": false,
  "schemaVersion": 2
}